source_json,resume_name,full_name,skill_count,project_count,available_sections,cosine_similarity_present,jaccard_similarity_present,top_k_mean_aggregation_present,weighted_skill_scoring_present,dynamic_weight_redistribution_present,max_cosine_similarity,avg_cosine_similarity,max_jaccard_similarity,avg_jaccard_similarity,overall_top_k_mean,overall_weighted_skill_score,redistributed_weight_skills,redistributed_weight_experience,redistributed_weight_projects,redistributed_weight_github,concepts_found_count,found_concepts,missing_concepts,appended_at
/Users/rohan/Desktop/Project/ResumeAI/backend/resumes/Avaneesh_Ingale (3)_data.json,Avaneesh_Ingale (3),Avaneesh Ingale,27,3,"skills,experience,projects,github",False,False,False,False,False,0.0550,0.0110,0.0213,0.0043,0.0125,0.0440,0.1000,0.3000,0.2500,0.3500,0,,cosine similarity; jaccard similarity; top-k mean aggregation; weighted skill scoring; dynamic weight redistribution,2026-05-21T19:18:55.266962+00:00
/Users/rohan/Desktop/Project/ResumeAI/backend/resumes/Rohan_Mohite_data.json,Rohan_Mohite,Rohan Mohite,29,5,"skills,experience,projects,github",False,False,False,False,False,0.0089,0.0050,0.0060,0.0036,0.0071,0.0202,0.1000,0.3000,0.2500,0.3500,0,,cosine similarity; jaccard similarity; top-k mean aggregation; weighted skill scoring; dynamic weight redistribution,2026-05-21T19:18:55.271734+00:00
/Users/rohan/Desktop/Project/ResumeAI/backend/resumes/Sarthak_Kotkar_data.json,Sarthak_Kotkar,Sarthak Ajit Kotkar,49,4,"skills,experience,projects,github",False,False,False,False,False,0.0000,0.0000,0.0000,0.0000,0.0000,0.0000,0.1000,0.3000,0.2500,0.3500,0,,cosine similarity; jaccard similarity; top-k mean aggregation; weighted skill scoring; dynamic weight redistribution,2026-05-21T19:18:55.275915+00:00
/Users/rohan/Desktop/Project/ResumeAI/backend/resumes/Soham_Miniyar_Resume_data.json,Soham_Miniyar_Resume,SOHAM MINIYAR,27,3,"skills,experience,projects,github",False,False,False,False,False,0.0450,0.0126,0.0132,0.0052,0.0113,0.0505,0.1000,0.3000,0.2500,0.3500,0,,cosine similarity; jaccard similarity; top-k mean aggregation; weighted skill scoring; dynamic weight redistribution,2026-05-21T19:18:55.278467+00:00
/Users/rohan/Desktop/Project/ResumeAI/backend/resumes/Virendra_Pawar_data.json,Virendra_Pawar,VIRENDRA PAWAR,26,3,"skills,experience,projects,github",True,False,False,False,False,0.1079,0.0288,0.0238,0.0071,0.0336,0.1151,0.1000,0.3000,0.2500,0.3500,1,cosine similarity,jaccard similarity; top-k mean aggregation; weighted skill scoring; dynamic weight redistribution,2026-05-21T19:18:55.281268+00:00
/Users/rohan/Desktop/Project/ResumeAI/backend/resumes/samyak_resume_data.json,samyak_resume,Samyak Waikar,29,4,"skills,experience,projects,github",False,False,False,False,False,0.0165,0.0033,0.0169,0.0034,0.0028,0.0177,0.1000,0.3000,0.2500,0.3500,0,,cosine similarity; jaccard similarity; top-k mean aggregation; weighted skill scoring; dynamic weight redistribution,2026-05-21T19:18:55.285068+00:00
432f069c-75fa-40d7-bdbe-47785a5f19d0::69847b53b43244ce3451f761,432f069c-75fa-40d7-bdbe-47785a5f19d0,69847b53b43244ce3451f761,Rohan Mohite,432f069c-75fa-40d7-bdbe-47785a5f19d0_resume_31.pdf,5,0,1.9200,recomputed_unified_skill_scoring,5,0.4699,0.3453,0.2580,unavailable,0,,,,,,,,,missing_not_persisted,,,missing_not_persisted,,,2026-05-21 19:37:04.233000
fc28e2e3-d2df-465e-88d4-fb64328c95ce::69688c5baeb590b5ff377a99,fc28e2e3-d2df-465e-88d4-fb64328c95ce,69688c5baeb590b5ff377a99,Sarthak Ajit Kotkar,fc28e2e3-d2df-465e-88d4-fb64328c95ce_Sarthak-Kotkar.pdf,5,3,2.2400,recomputed_unified_skill_scoring,8,0.3981,0.3137,0.2199,available,6,0.2000,0.2000,0.1500,0.2000,0.1500,0.1000,0.0000,0.8289,missing_not_persisted,,,missing_not_persisted,,,2026-05-21 19:37:04.405000
12125865-8f02-4beb-b0ec-439be8fc704b::69688c5baeb590b5ff377a99,12125865-8f02-4beb-b0ec-439be8fc704b,69688c5baeb590b5ff377a99,VIRENDRA PAWAR,12125865-8f02-4beb-b0ec-439be8fc704b_Virendra_Pawar (1).pdf,5,3,2.8300,recomputed_unified_skill_scoring,8,0.4486,0.3665,0.2825,available,6,0.2000,0.2000,0.1500,0.2000,0.1500,0.1000,0.0000,0.8759,missing_not_persisted,,,missing_not_persisted,,,2026-05-21 19:37:04.543000
8e5a7759-7007-458e-8e9f-b61981ccb7b9::69688c5baeb590b5ff377a99,8e5a7759-7007-458e-8e9f-b61981ccb7b9,69688c5baeb590b5ff377a99,AVANEESH INGALE,8e5a7759-7007-458e-8e9f-b61981ccb7b9_Avaneesh__Ingale resume.pdf,5,3,2.0600,recomputed_unified_skill_scoring,8,0.5440,0.3579,0.1993,available,6,0.2000,0.2000,0.1500,0.2000,0.1500,0.1000,0.0000,0.9186,missing_not_persisted,,,missing_not_persisted,,,2026-05-21 19:37:04.610000
9fcfe364-72dc-42fe-a652-e0dc088c25f8::69847b53b43244ce3451f761,9fcfe364-72dc-42fe-a652-e0dc088c25f8,69847b53b43244ce3451f761,SOHAM MINIYAR,9fcfe364-72dc-42fe-a652-e0dc088c25f8_Soham_Miniyar_Resume.pdf,5,0,2.8500,recomputed_unified_skill_scoring,5,0.4026,0.3505,0.2839,available,6,0.2000,0.2000,0.1500,0.2000,0.1500,0.1000,0.0000,0.6349,missing_not_persisted,,,missing_not_persisted,,,2026-05-21 19:37:04.695000
de90f377-bf89-48a5-8889-d38991e75c15::69a2ae77fe57863f67a24085,de90f377-bf89-48a5-8889-d38991e75c15,69a2ae77fe57863f67a24085,AVANEESH INGALE,de90f377-bf89-48a5-8889-d38991e75c15_Avaneesh__Ingale resume.pdf,6,0,2.3700,recomputed_unified_skill_scoring,6,0.5341,0.3299,0.2314,available,6,0.2000,0.2000,0.1500,0.2000,0.1500,0.1000,0.0000,0.9186,missing_not_persisted,,,missing_not_persisted,,,2026-05-21 19:37:04.781000
